date,source_scale_q
2022-12-03,0.006127679405257276
2022-12-04,0.0015288258772119493
2022-12-05,0.0018583581537487523
2022-12-06,0.0019830190921594918
2022-12-07,0.00150257960615405
2022-12-08,0.001950825767824227
2022-12-09,0.0019242904553901507
2022-12-10,0.0016345173644051374
2022-12-11,0.00042085109849454306
2022-12-12,0.0006929711308419957
2022-12-13,0.0004801218124467979
2022-12-14,0.0010059970146675651
2022-12-15,0.0010423402640202767
2022-12-16,0.0020181165909439005
2022-12-17,0.00134670110498745
2022-12-18,0.005832866772611068
