D0,lambda0,kappa,alpha_blh,beta_blh,log_mse
361.70936966510334,6.667673058614435e-05,0.590969232530969,0.431102498355052,0.9387969558155357,3.1371356888438124
2708.0576048292787,1.3784922189790482e-05,0.08125092368008918,-0.6315144802600071,1.2656575183066043,1.0153977599652184
3142.3982849346175,3.5944602382005287e-06,0.3547239755812005,1.1455732598817394,0.4763286208995169,0.268248118435447
412.6615057888452,1.0661705373883472e-05,0.3301225303558346,0.9088470755539562,-0.7149355172780681,0.48139321870258667
500.4824617696956,1.587898283820475e-05,0.7320226367389652,0.7990040794432431,0.12525818632981822,0.3079200842542948
1778.2947136160408,5.429240959659135e-06,0.7092527692718418,0.4715302826050056,-0.8704157033974791,0.24710298447838042
1616.2847235870775,2.535688307596293e-05,0.5343152714056736,0.18721210856825843,-1.4537483515013787,1.7514205872868214
4552.818322902087,2.2375183944281737e-06,0.666991703304945,-0.97353736252699,-0.9730764273747776,0.21016126154410922
2185.4406421974613,3.593829936882664e-05,0.4431755467824272,-0.2731962848133261,-0.33892968530594536,0.8682479877849738
789.1020295581247,2.9324782910190926e-06,0.9217069568621197,-0.3555087734028682,-0.5621756176151345,0.22891770018554955
1358.3786582087664,6.233569390650329e-06,0.9585394007201697,1.4861418730837954,-0.058882026298924695,0.22972379439798937
558.6095510017614,2.065055407289311e-05,0.21743030355713877,0.008949043567620385,1.120881853666551,1.9243407033681168
922.5828314455945,1.0503202736651612e-05,0.17262154059789814,-0.11403366565198708,0.3460839956763302,0.5236260781838693
3542.789497449665,2.8019440750077848e-06,0.48905200434456253,-1.4551842174702219,1.4267631608137927,0.22970380622950246
1095.0675669804937,8.548862149094905e-06,0.789587057378882,-1.3023295016108296,-1.2807729179283862,0.4695027477529609
1956.9135607794035,3.9631422757221686e-05,0.4115326858839212,-1.1249586585272435,-0.19826189610542505,0.9260531757928309
958.7595569328705,5.339597550574608e-05,0.8763511794887378,1.3373828381066988,0.2803035396655871,0.8566473307413116
640.9055370454623,6.166158203875583e-05,0.10932575747504086,-0.8549621381675312,0.8060440214412598,7.8430504485123675
4057.1763421341952,2.9834428851147234e-05,0.25311395416759674,-0.5941974030785606,0.6757326486749221,0.8913479852814847
341.2066587460549,4.50283216215032e-06,0.8233588062871058,0.6616789599814367,-1.06583489868328,0.26284875735164803
930.8645647478871,2.2375183944281737e-06,0.6354250810849669,-0.97353736252699,1.0357935595571568,0.25252140623514296
2708.0576048292787,3.003674987588303e-06,0.7306895878445956,-1.0693079608249776,1.2656575183066043,0.22869687122784915
3142.3982849346175,9.905315620508725e-06,0.3547239755812005,1.1455732598817394,-1.2036602414280466,0.4602906286292782
3578.103979260896,8.728724869193202e-06,0.17582885765323036,-0.719364321772054,-0.7149355172780681,0.34247575716016554
2567.41115248804,1.015143077134497e-05,0.7320226367389652,0.7990040794432431,-1.3393491274140974,0.47083441399552145
4142.079248637768,5.640921450273927e-05,0.8315350025590422,-0.5513401745983026,-0.44930742014964004,0.7710053301906576
975.564148524747,3.4381453886654474e-06,0.5343152714056736,0.18721210856825843,-1.1880431978424966,0.3154766988418918
1250.2524960534786,2.0363349926126998e-06,0.8039432373681983,0.431102498355052,0.7381355238746632,0.2411414368668979
3578.103979260896,3.593829936882664e-05,0.4431755467824272,-0.719364321772054,-0.33892968530594536,0.6952169096349385
487.22382679496263,5.212877906892865e-06,0.767646492063143,-0.5980717810645434,-0.8649477302326696,0.2484288241981985
1095.1961928279136,2.2795592725305105e-06,0.8777509471850514,1.4861418730837954,-0.058882026298924695,0.2330191321235777
1736.8037301230502,2.065055407289311e-05,0.5382663753559919,0.7793940178416351,1.1272527453104866,0.6949582599167676
4867.094691959507,8.950201084478115e-06,0.4593615871023657,0.36703425005437684,-0.504316068564138,0.2463558553928515
4055.9501220443567,4.138922523926882e-06,0.4917205498821748,0.47825752926194054,1.4267631608137927,0.25311001911391157
1095.0675669804937,2.0445814901341788e-05,0.8129990934463509,0.6380993948336936,-1.2807729179283862,0.8872470877839441
1731.9710488327398,2.599028967613017e-06,0.9661350775817288,0.16626333458094344,-0.7490653230404045,0.2210067833625448
1162.84089392934,7.501747644502847e-06,0.8763511794887378,0.5985345403980068,-0.6385112998643788,0.23459283162409048
3355.5851442066937,6.166158203875583e-05,0.5940173873230714,-0.4305839169978435,-0.28917439258500083,1.186638015476541
2933.387096843533,1.4338743632923232e-05,0.6216391019217369,-0.5941974030785606,-0.15103603282779288,0.2547025808242039
638.7037236724077,4.000075331571424e-06,0.432037287760668,0.6616789599814367,-1.0373446717820292,0.3184592527677795
4192.749092276788,2.0257036072849313e-06,0.8752254491636562,-0.04499332186923399,-0.9730764273747776,0.21300309288085842
4880.638096039392,3.003674987588303e-06,0.7306895878445956,-1.4756572368965806,-0.5027831835052805,0.20732101975913209
2726.1628952664532,6.827572603603423e-06,0.9305057549222404,-0.838455302392551,0.09376425521272325,0.21810082282119858
2618.892012284101,2.455800050557258e-06,0.9706098935079722,-0.719364321772054,-0.7149355172780681,0.2135282951941836
3857.4286716252327,3.592761105395437e-06,0.8232393497151643,-1.4053141749845406,-0.3743397273654774,0.2093911618118489
962.4883390827265,5.262901164565966e-06,0.5434366506447198,-1.3754857179233213,-0.8704157033974791,0.2608291501443395
975.564148524747,3.3168812144268544e-06,0.7819495514264208,-1.4366967607271448,-0.4316430017157495,0.2306561605689372
1250.2524960534786,2.0363349926126998e-06,0.8424148315460985,-0.7800727714955685,-1.0094571673241337,0.2259157215359754
3578.103979260896,2.852740211910533e-06,0.5625264607006012,-0.719364321772054,-0.6457580910911258,0.22280900842147133
2957.658498215381,3.210738901945332e-05,0.9325851384527155,-0.3555087734028682,-0.5621756176151345,0.41584004224899873
353.86267826482083,3.1645765060328452e-06,0.6335290659447446,1.4861418730837954,-0.48263320832228784,0.2580830289567615
1736.8037301230502,4.300131854424019e-06,0.589613786502231,0.7578173011338194,-0.23278827557367837,0.24911688960142864
4867.094691959507,8.950201084478115e-06,0.4593615871023657,-1.0567739626133659,-0.6202866830626425,0.2253834849800363
2466.1908117398016,4.796654242332075e-06,0.7355629236480564,-1.3082486862535596,1.4267631608137927,0.2327441294909865
1095.0675669804937,3.2978795663025708e-06,0.789587057378882,-1.4654177036960954,-1.2807729179283862,0.274410267345736
4773.318643867187,2.6293096445647943e-05,0.7529018187767512,0.16626333458094344,-0.9506927193988659,0.6099560704375118
656.1466994042682,2.54304043345264e-06,0.8351817234155067,-1.0783527603240377,-0.6596886550832256,0.2323856660242138
749.2602539541409,3.5844632546293968e-06,0.5349747066020792,0.7690589287925949,0.8465510856881764,0.27359151578156543
1032.197678078161,3.2503257143405665e-06,0.778612783169345,-1.075300113377028,-0.4487742411985682,0.23263609695742696
512.2312892238389,4.50283216215032e-06,0.8233588062871058,1.42943288514371,-0.37647694942811094,0.23951023927829584
4880.638096039392,3.003674987588303e-06,0.35732869873357226,-0.010930846053877286,-0.43366183395120084,0.22841358437451426
3178.3926022718592,2.594055191696318e-06,0.19672554010944004,-0.5525151682996984,0.28229621809603356,0.2456307608432779
2726.1628952664532,3.3975183785512177e-06,0.9445905186188499,-1.4621559828082775,0.05728924251379852,0.21390036169657228
2017.8248482574675,6.347627024221546e-06,0.9436047333059482,0.3206284716901582,0.16484628368204945,0.22753341544245403
1921.8198046763155,3.592761105395437e-06,0.8232393497151643,0.38141555034733876,-0.09279347953142303,0.23216657427940154
1724.0216957191421,3.987346823721455e-06,0.8202200759155168,-0.18268657937606803,-0.7274916741741839,0.2260804329937265
975.564148524747,3.3168812144268544e-06,0.5599873139813808,0.10565098095629089,-0.39784839867899585,0.25620173263577956
1250.2524960534786,3.353231331809591e-06,0.8909326619407376,-0.5733364225733895,-0.3464165038710338,0.22811339897026564
3578.103979260896,4.52194152135518e-06,0.5625264607006012,-0.39688233007264845,-0.15067458854328386,0.22963978023106002
1242.030800480945,2.9324782910190926e-06,0.5877604452784171,0.16364251808135966,-0.5621756176151345,0.24968340519547624
1358.3786582087664,6.233569390650329e-06,0.5112110424801829,1.4861418730837954,-0.058882026298924695,0.27825680138809156
2534.7117039399877,2.7484776494065836e-06,0.7283973960709831,-0.24380084355767084,-0.7591266629461303,0.2258354803976257
4593.76934780486,3.0073048796433906e-05,0.6458846665348548,0.4804018332810377,-0.6202866830626425,0.4873698414990159
989.8389532169555,5.005607613827738e-06,0.8448833364901251,0.2792143136526374,1.4267631608137927,0.2544065630548121
2522.526958730881,3.2978795663025708e-06,0.7999519711013231,-0.764914825552061,-0.2217761061483916,0.22409513262558028
2543.6953745935334,2.599028967613017e-06,0.7167731123385134,0.1379285415259215,-0.04052237211033316,0.2351036893313659
2093.802219539138,3.5742299298422955e-06,0.8351817234155067,1.1559976340948388,-0.11770773509632665,0.23061601233650467
979.8338533907669,3.5844632546293968e-06,0.691580841494138,-0.6044940962641792,-0.7419420998172765,0.23849547960068967
1925.840793338256,2.167392727362108e-06,0.62967599925516,-0.2971782171201004,-0.9910639063383556,0.23614492760007666
4030.640025717044,4.50283216215032e-06,0.8233588062871058,-1.4807486659980098,-0.6759735768276307,0.20226603393708048
4578.136098141317,3.3001079567836127e-06,0.8657591969944577,-1.2845519142989263,-1.0485819136365646,0.20550646410645731
3972.882468362248,1.0241645424983933e-05,0.666991703304945,-0.97353736252699,-0.9730764273747776,0.3154175295270972
4640.825109942732,4.886934933803336e-06,0.7304814027321678,0.37173496180745347,-0.5892266140733258,0.21893296406739218
2618.892012284101,1.131346965177461e-05,0.685375806154937,0.5903209637279888,-0.44152306345145764,0.2539896360729772
3857.4286716252327,3.6891921344456395e-06,0.899130414481375,0.29663573816529976,-0.3743397273654774,0.21691690607977626
2390.494361597183,4.878929328661923e-06,0.8202200759155168,-0.1180843853351542,-0.551773857056556,0.22297518690828524
2669.9664008561826,8.336632299872892e-06,0.7819495514264208,-1.2565191786370455,-0.7388735565748581,0.22403218754318813
2113.8262894950017,4.372229630538997e-06,0.7130563785308109,-1.2236591143513624,-1.0122839301476656,0.23514624485788024
2143.2899286697925,2.4078958307371175e-06,0.5625264607006012,-0.719364321772054,-0.48318471457580936,0.23797230916100814
3848.6349733455404,3.702520065191964e-06,0.7810276388649479,-1.1470590839727064,-0.9885124026870213,0.2114368664875104
3339.946921604844,9.293437784359862e-06,0.7992092401976496,-1.3487235119359182,1.2673842829664808,0.24043812020498942
308.84755329664193,3.748463332750565e-06,0.7283973960709831,-0.24380084355767084,-0.7591266629461303,0.2459784471611212
632.3925505936174,8.950201084478115e-06,0.4593615871023657,0.3865888097011372,-0.6202866830626425,0.31858820649494346
4954.189693702009,4.659783808989867e-06,0.48905200434456253,0.2913777575168979,-0.5809579449283242,0.22607799671217316
3840.061119843759,3.786465437554126e-06,0.6781513159338564,-0.764914825552061,-0.4481922265725737,0.2178186869642702
2722.871079113478,3.774336294381629e-06,0.9661350775817288,-1.2410457845175809,-0.6873937774220686,0.20740274692167443
2093.802219539138,3.5742299298422955e-06,0.7884438887761489,-1.0084165591142273,-0.6396945236949363,0.21989952195230142
979.8338533907669,7.108136158005865e-06,0.5814602355909673,-1.1989913630445146,-0.6389662061712587,0.2512916244114581
2070.4030317259417,2.5696840808799203e-06,0.7633032327384011,-1.0474378406095926,-0.6780128128034517,0.22257707683484435
833.8407444835454,3.003674987588303e-06,0.7141955831912794,-1.4706752773423595,-0.5027831835052805,0.23609319943647827
410.52531801001334,4.50283216215032e-06,0.8233588062871058,-0.4875609127328516,-0.27877354897435247,0.240104128640145
1825.0469643496212,2.0360468985890228e-05,0.666991703304945,-0.97353736252699,-0.72948317297745,0.4437070328432484
3030.5192767042427,8.688729387540751e-06,0.9189881295740641,-1.167984694127044,-0.6995844574304206,0.21377853639797567
2618.892012284101,9.872515581778307e-06,0.9706098935079722,-0.4575953820145122,-0.767908200190792,0.23207668494689299
498.56883149179254,4.723509982353999e-06,0.5051168025835052,-1.209304314123353,-0.3743397273654774,0.26080330842657407
3905.649795821423,7.621734386203844e-06,0.8202200759155168,-1.2283644324116563,-0.0872475029943911,0.21064102835365187
1086.4693866064647,3.6446847229691877e-06,0.7012063995836321,-1.2565191786370455,-0.7371235108284986,0.23130512422937727
1563.115021217589,2.0421451933606398e-06,0.6954754686093179,-1.461351541098511,-0.9437971384711221,0.2248646293537974
1286.402242131682,4.317546485143968e-06,0.2935851660349167,-1.1766388706718849,-0.7101993081223987,0.2591737842878605
3184.1305177396307,5.854707558977578e-05,0.8060744848341226,-1.1470590839727064,-0.6195583306434866,1.0315341687730184
942.2052412159948,6.233569390650329e-06,0.5093120135053939,1.4861418730837954,-0.4495991083533584,0.27916509477328577
315.5327392410363,7.816660808218858e-06,0.9026619243148342,-1.1894133118135595,-0.7591266629461303,0.24265388017047573
4867.094691959507,5.854303207536659e-06,0.9305379872956485,0.3926068866082767,-0.49283866598492354,0.21132119575370065
4954.189693702009,7.1691225814067335e-06,0.8163179462264802,1.0472349497103604,-0.09337068747716704,0.22500222754905486
477.77372790592153,4.512493778532189e-06,0.9454004819758599,-0.764914825552061,-0.33522226400047894,0.22973504339939163
3341.3268587307316,4.230649757896242e-06,0.9661350775817288,-1.2410457845175809,-0.6007845873218385,0.20503395633964816
1098.885654492651,3.5742299298422955e-06,0.7884438887761489,-1.3792839482643164,-0.9073778628718641,0.2267841681087132
1752.0207298783769,2.540533184144533e-06,0.8394175377049928,-0.6044940962641792,-0.7419420998172765,0.22395151328703883
2820.9605001516284,3.0775517731440734e-06,0.9990932601413516,-1.084294337542123,-0.6780128128034517,0.2084544107114846
4880.638096039392,8.281412767402919e-06,0.9120030041943864,-1.1908301507576318,-0.6978598299242718,0.20357146571303877
4461.173648432663,6.6029552174904446e-06,0.7284671303844497,-1.4725017089318981,-0.3420093235737502,0.20505070959934982
2844.6767811408604,5.213932695573115e-06,0.9702777873439428,-0.04253364193959175,-0.6720303080368771,0.21403868796385564
4720.940803795328,8.688729387540751e-06,0.8191353984952008,-1.167984694127044,-0.7404718431944377,0.2119303481153137
2618.892012284101,9.991797292966231e-06,0.9230065252112714,-1.1884428273576364,-0.09989990217018341,0.21590295214683458
2077.6672347830895,2.6561451506109263e-06,0.8232393497151643,-1.4053141749845406,-0.3743397273654774,0.22071452018534413
3676.6494780050907,4.910725476561183e-06,0.943738170172286,0.583143349519673,-0.42382580741429937,0.21584853064033074
3288.476362275464,4.071638468669324e-06,0.9377204009403344,-1.2565191786370455,-0.8734587406194806,0.20512561207963326
1563.115021217589,2.0421451933606398e-06,0.6331666790814418,-1.46479011489558,-0.9437971384711221,0.22788845696030724
3511.3685557844096,4.238338170299906e-06,0.5625264607006012,-1.2531339425023558,-0.8438481839509492,0.21604248612358604
2156.9776286305123,3.702520065191964e-06,0.7810276388649479,-0.9665820057878561,-0.8262852202509506,0.21908939590933374
1358.3786582087664,3.9927314791749736e-06,0.9651715878611848,1.4861418730837954,-0.47404898980991333,0.22576165469843223
4502.5672870517465,3.1982211270455875e-06,0.8161014692573996,-0.24380084355767084,-1.017317104910397,0.2149408519210631
4867.094691959507,2.7610493231291965e-06,0.8253223052254324,0.962234132369929,-0.8626758486852755,0.21898785634489057
4954.189693702009,3.3204735531827206e-06,0.7443758279106512,-1.458065971412073,-0.8927790265384504,0.20101476264486556
1234.8405154218128,3.786465437554126e-06,0.6781513159338564,-1.4659271615340819,-1.050848531193121,0.24558708428210996
1547.5194275963347,5.782523604041103e-06,0.7691581267484521,-1.2410457845175809,-0.7314728954805498,0.22457332344420675
4158.8189458556735,3.545111035756844e-06,0.7884438887761489,-0.8612889049451865,-0.7643501608006613,0.20847392141622434
1752.0207298783769,7.552185105921691e-06,0.8394175377049928,-0.6044940962641792,-0.9093858506136329,0.2531960843545355
4674.121692833538,3.5730641754059527e-06,0.9990932601413516,-0.3368501306896856,-1.1500826378723203,0.21909655395968164
3848.9827476666346,3.028686792118344e-06,0.8813656620499171,-1.0722129441442787,-0.6978598299242718,0.20732544555603902
2539.768042845012,5.8492970144731e-06,0.6412798977823493,-1.458065971412073,-0.8152731421870338,0.223352168936701
414.3273592859263,3.027996320342952e-06,0.607331506909653,1.3662395431048793,-1.1178944276340015,0.27244923853451963
4720.940803795328,5.949538423566586e-06,0.8191353984952008,-1.3208494657496865,-0.6701520181108103,0.20075960529714046
4187.426809816878,6.511171427778819e-06,0.9706098935079722,1.3126141939740874,-0.17155220279692995,0.22031499521528486
3857.4286716252327,4.380709281764052e-06,0.759127517060934,-1.4053141749845406,-0.7324190132266382,0.20482652141879634
3905.649795821423,1.1669399998256774e-05,0.8202200759155168,-0.45856619032596935,-0.497925975789718,0.22324824751093955
2443.52134337195,1.0475480078146528e-05,0.7779055715641371,0.9005419798726682,-0.8437071810814818,0.2673151884767021
335.18361396878817,5.795079225840148e-06,0.9208691245303576,-1.409926119491348,-0.6492096373419509,0.22880656550569956
3483.276535440444,4.489411513017749e-06,0.5625264607006012,1.0763766060344606,-0.9653056355555971,0.25018203113077997
1765.7455542289433,3.702520065191964e-06,0.8412229583983926,-1.1470590839727064,-0.6415201341987722,0.21885369954794529
1054.9163672379395,5.187355485501423e-06,0.6813439348831293,-1.0263652169539454,-0.796989707237054,0.2401919882423652
3668.2563882251434,3.1982211270455875e-06,0.9578434459853727,-1.2091296367123356,-1.1282637412469276,0.21193806786427585
2179.2702502064194,5.854303207536659e-06,0.9305379872956485,-1.494729270686202,-0.5170112239979276,0.20941838756404726
2526.335750627224,4.546499425085707e-06,0.8335084378491235,-1.4851146120462824,-0.6759735768276307,0.20949288278483139
497.15587566497936,4.489411513017749e-06,0.8247050347558453,-1.136128335505389,-0.9465609123633634,0.24166890241765343
3851.04078406793,5.774717735088025e-06,0.9661350775817288,-1.2410457845175809,-0.3210028293415107,0.20490395606792697
4723.229084170626,8.397922846306825e-06,0.9626778277946897,-1.393731892364084,-0.1525285967998991,0.20204908696515989
1752.0207298783769,2.1426371861071188e-06,0.7224016091949264,-0.6044940962641792,-1.3343674399450465,0.2607229799979203
2378.341518229373,5.859932357001951e-06,0.8404225498116973,0.8059598771825207,-0.6780128128034517,0.2283461489951605
4880.638096039392,4.6465465748132245e-06,0.9120030041943864,-1.2349624513447182,-0.8989604783599909,0.20153397552667357
1087.767577922406,6.2297684768932975e-06,0.706789136386291,-1.414450964852183,-0.5814290755318361,0.23122142902985632
4552.818322902087,5.298026314881703e-06,0.6802408480455356,0.5943815431532832,-0.9730764273747776,0.23748440124474826
4274.0587699706975,4.993075758882538e-06,0.7443758279106512,-1.4214362140673513,-0.6738141481311977,0.20309089916676498
2618.892012284101,5.230724647009707e-06,0.9706098935079722,-1.0251596676800574,-0.38659017026091685,0.21122687262989118
4151.6132507143,4.380709281764052e-06,0.759127517060934,-1.211524282354873,-0.8704209114382997,0.20707721153636538
1309.917589835745,7.621734386203844e-06,0.8145255320208613,-1.2283644324116563,-0.0872475029943911,0.2294502681370629
436.2987564106661,4.752139553483755e-06,0.9377204009403344,-1.1726469684747438,-0.5725293454626018,0.22679870395645393
1108.952213089784,7.647257533292548e-06,0.6954754686093179,-1.461351541098511,-0.9437971384711221,0.28522487498035876
2588.988284730952,6.4443826465811015e-06,0.9276021949602622,-1.2531339425023558,-0.8438481839509492,0.2153009490002707
3847.195140232509,3.3630056717376003e-06,0.9316579873171671,-1.1470590839727064,-0.9885124026870213,0.2053298642290733
1358.3786582087664,3.831992491479592e-06,0.7207705635966979,-1.0017813550469306,-0.8570485729781009,0.23040646721892238
313.222233722523,4.476820253999772e-06,0.7400281173246652,1.3015126675261786,-1.1282637412469276,0.27629298395644536
2674.499778042972,3.681080069739209e-06,0.7790942190048509,-1.494729270686202,-0.8031222784423637,0.21015337644320792
4026.8957666537135,3.241454892388968e-06,0.8160942654215515,-1.204722927284962,-1.2839513694945124,0.2433986298802504
2259.192716082713,4.08249005170371e-06,0.6488298601990163,-1.1428359380313933,-0.4481922265725737,0.2248787650796431
3989.0989291991386,5.275271661927815e-06,0.8153217554478054,-1.2519921170216708,-0.7425280758486896,0.20454830313558642
4978.635688268643,7.626508751216766e-06,0.9626778277946897,0.8721919985881984,-0.6196398552235478,0.21560621276140926
446.18633049731227,6.545058232451214e-06,0.7856889839078018,-0.017937662549144417,-0.93744832034181,0.2732556177602083
2820.9605001516284,8.517993837612323e-06,0.7483515465165173,-1.4301746491445002,-0.6780128128034517,0.21871382123284486
4272.756070540947,4.6465465748132245e-06,0.7314948891587971,-1.3755885407127753,-0.9994321419790135,0.21622504741461152
